,mean,std,2.5q,25q,50q,75q,97.5q,mc err
a,2.663139632544217,0.5999221397879283,1.729984190654349,2.236563333107389,2.591604841680067,3.001043692247838,4.034053007066569,0.010519376581066175
v,0.06235212496474902,0.49472621473437656,-0.9337136947565898,-0.27041175689608493,0.06258895724979086,0.40707167036950054,1.0349137873072602,0.00750589874713523
t,0.49616915547474943,0.2498198020422032,0.13128840005955641,0.31359502232224257,0.4584450532129164,0.6341848757699379,1.1003581861616603,0.004877436520814326
z,0.487898983126483,0.10856181755900962,0.28332714098195483,0.40896303141805085,0.4860672745465261,0.5649275535672411,0.6983637513841425,0.0015378480067828313
