,mean,std,2.5q,25q,50q,75q,97.5q,mc err
a,4.154288371627541,0.4338469442295917,3.3623827383842797,3.8524317519504496,4.140166266915122,4.419416930626687,5.0752545478730635,0.0075577358634683536
v,-0.17146044522710333,0.13418752988555102,-0.4292321408682342,-0.2602707917559119,-0.17049217835408975,-0.08441622349597089,0.09057036281463221,0.0021942743218253944
t,0.7278732520629152,0.3251333270280551,0.20957635304422062,0.47526256627782065,0.6932880754250621,0.9462725633920772,1.4246695874289956,0.005901472150706324
z,0.5431437192111499,0.06960114111567381,0.40348875315620036,0.49623780531727657,0.5439617783333214,0.5914833476300388,0.6761637905999306,0.0011701726744512658
