,mean,std,2.5q,25q,50q,75q,97.5q,mc err
a,2.4552872673547186,0.7067903151298174,1.400630455023483,1.9499074750176084,2.352763163410752,2.845701945542597,4.151134951327958,0.012637707551038454
v,-0.5078491152697321,0.7704301531016592,-1.992456837089811,-1.0273201372978356,-0.5080271664954261,0.014004774364807293,1.016949472301763,0.01228046549786824
t,0.45719538953609495,0.2392249684678438,0.1198621995917304,0.28638503054256165,0.413975797970493,0.5821596285764871,1.0128719027766426,0.004013869014937251
z,0.5097960475109428,0.11271793644418841,0.2903663557260965,0.43062988336173635,0.5127525992725733,0.5905868602404822,0.7215429163558081,0.0018094691905220749
