,parameter,mean,std,2.5q,25q,50q,75q,97.5q,mc err,round
0,a,6.694008173109887,0.7328397338961522,5.436912758120394,6.167544380393988,6.623001884598492,7.1645622473828645,8.289548253180776,0.015180387327568778,0
1,v,0.523311582880599,0.09149405716978116,0.34338052431791466,0.46177428595417536,0.5227458641925469,0.5839360123221358,0.702734827734696,0.00191110942442314,0
2,t,0.5652813290217109,0.2685555466721038,0.15593322389433067,0.36925183481653023,0.5233271662117565,0.7178222495223254,1.1872352473000352,0.005544572910145027,0
3,z,0.47007694406929906,0.06625171266940202,0.341223399636661,0.42475728237787513,0.4696913813700778,0.5174423118076169,0.5945922132038002,0.0015627524702696162,0
4,a,6.683601106092146,0.7421411049780583,5.461633478122222,6.168573874254647,6.60663472858371,7.123168072589436,8.321781399020908,0.016750816522969066,1
5,v,0.5257088852775941,0.09232859950824335,0.3470670255772436,0.4641950633568109,0.5244263565040794,0.5886042354095844,0.7137004057239894,0.0018561375624706223,1
6,t,0.5586037493461744,0.27350027825601486,0.15910799196980896,0.3596020567130256,0.5111948385326361,0.7145709379308326,1.217109768084882,0.005856111805306001,1
7,z,0.4673525454662858,0.06582317320473882,0.33880899866750336,0.42221577814644573,0.4656871815212489,0.511962716349349,0.6003784119062113,0.0016572593459208214,1
