,parameter,mean,std,2.5q,25q,50q,75q,97.5q,mc err,round
0,a,7.066238860634632,0.7783567481303365,5.716558257781678,6.517818336132561,7.001001335569262,7.558360845577361,8.766542857598179,0.016289760841303392,0
1,v,-0.5450103025708605,0.10241672004114007,-0.7424259224121899,-0.6144787373514707,-0.5441065566307799,-0.4743991068829202,-0.34814933972302264,0.0026636417535152107,0
2,t,0.5413266416038898,0.26679238301368385,0.14010522673205217,0.34903638632866674,0.5037046042603865,0.6884213718027279,1.1764894438107758,0.005023955537599963,0
3,z,0.5857336514228518,0.0669618657019775,0.4510519555487552,0.5409237521634594,0.5864892496847178,0.632740363282202,0.713866615958849,0.0017622203539247624,0
4,a,7.047335518058556,0.7788098291802772,5.684137717476245,6.494639999395864,6.998353157749207,7.528627479055864,8.739209613052019,0.0178015195241893,1
5,v,-0.5447896919204195,0.09969504151123301,-0.7376377718698871,-0.6136653110394198,-0.544893433940043,-0.4761677378732289,-0.3491814834496778,0.002330742807089688,1
6,t,0.5450838931508237,0.27045749121184703,0.1518555546253949,0.3478997840826146,0.5040132837060554,0.6909618904277661,1.2054810690790287,0.005429496101752635,1
7,z,0.5857736686861024,0.06701093397875885,0.44494284770047077,0.5413989544334782,0.5880938578707113,0.633596755038151,0.7091888949009565,0.001343012863385484,1
